Local Transporter,LEETA,LEETA TRADING & TRANSPORT
,OG,O&G TRANSPORT SDN BHD
,SHUEN,SYKT PENG.SHUEN HOONG S/BHD
,YOUR,YOUR LIANG
,KHL,KHL TRADING SDN BHD
,PENSE,SYKT PENG (PENANG - SELANGOR) S/B
,TECK,TECK JOO TRADING & TRANSPT CO.
Freight Forwarders,NS,NS ALYANCE SDN BHD
,FM,FM GLOBAL LOGISTICS (M) SDN BHD
,KL,KL AIR FREIGHT (M) SDN BHD
,KMCC,KMCC LOGISTICS SDN BHD
,EFS,EFS LOGISTICS SDN BHD
,DELTA,DELTA LOGISTICS (M) SDN BHD
,BALIS,BALISA LOGISTICS SDN BHD
,CHERR,CHERRY ENTERPRISE SDN BHD
,CONT,CONTAINER BRIDGE (M) SDN BHD
,CORSS,CROSS WORLD LOGISTIC SDN BHD
,PERIT,PERITRANS SDN BHD